order_number,dish,category,quantity,item_rupees
1,Idli Special Chicken Gravy,chicken,1,349
2,Mom's Recipe Chicken Gravy,chicken,2,698
3,Egg Curry,egg,1,299
4,Mutton Curry,mutton,1,1949
5,Chilly Chicken Gravy,chicken,1,599
6,Egg Curry,egg,1,299
7,Chicken Wings,chicken,1,375
8,Mutton Curry,mutton,1,1949
9,Egg Curry,egg,1,299
10,Mom's Recipe Chicken Gravy,chicken,2,698
11,Mom's Recipe Chicken Gravy,chicken,1,349
11,Chicken Wings,chicken,2,750
12,Egg Curry,egg,1,299
13,Mutton Curry,mutton,1,1949
14,Chicken Wings,chicken,1,375
15,Chilly Chicken Gravy,chicken,1,599
16,Idli Special Chicken Gravy,chicken,1,349
17,Mom's Recipe Chicken Gravy,chicken,2,698
18,Mutton Curry,mutton,1,1949
19,Egg Curry,egg,1,299
20,Chilly Chicken Gravy,chicken,1,599
20,Idli Special Chicken Gravy,chicken,1,349
21,Chicken Wings,chicken,1,375
22,Mom's Recipe Chicken Gravy,chicken,2,698
23,Egg Curry,egg,1,299
24,Mutton Curry,mutton,1,1949
25,Chilly Chicken Gravy,chicken,1,599
26,Idli Special Chicken Gravy,chicken,1,349
27,Egg Curry,egg,1,299
28,Mom's Recipe Chicken Gravy,chicken,1,349
28,Chilly Chicken Gravy,chicken,1,599
29,Mutton Curry,mutton,1,1949
30,Chicken Wings,chicken,1,375
