order_number,order_date,meal,payment,status,order_rupees,discount_rupees
1,2026-09-01,dinner,Cash,delivered,421,0
2,2026-09-01,dinner,Online,delivered,769,0
3,2026-09-02,lunch,Cash,delivered,404,0
4,2026-09-02,dinner,Cash,delivered,2016,0
5,2026-09-03,dinner,Online,delivered,654,50
6,2026-09-03,lunch,Cash,cancelled,404,0
7,2026-09-04,dinner,Cash,delivered,480,0
8,2026-09-04,dinner,Online,delivered,2016,0
9,2026-09-05,lunch,Cash,delivered,374,0
10,2026-09-05,dinner,Cash,delivered,769,0
11,2026-09-06,dinner,Online,delivered,1124,0
12,2026-09-06,lunch,Cash,delivered,404,0
13,2026-09-07,dinner,Cash,delivered,2016,0
14,2026-09-07,dinner,Cash,delivered,480,0
15,2026-09-08,lunch,Online,delivered,654,0
16,2026-09-08,dinner,Cash,delivered,421,0
17,2026-09-09,dinner,Cash,delivered,769,0
18,2026-09-09,dinner,Online,delivered,2016,0
19,2026-09-10,lunch,Cash,delivered,374,0
20,2026-09-10,dinner,Cash,delivered,1124,0
21,2026-09-11,dinner,Online,delivered,480,0
22,2026-09-11,dinner,Cash,delivered,769,0
23,2026-09-12,lunch,Cash,cancelled,404,0
24,2026-09-12,dinner,Cash,delivered,2016,0
25,2026-09-13,dinner,Online,delivered,654,0
26,2026-09-13,dinner,Cash,delivered,421,0
27,2026-09-14,lunch,Cash,delivered,374,0
28,2026-09-14,dinner,Cash,delivered,1124,0
29,2026-09-14,dinner,Online,delivered,2016,0
30,2026-09-14,dinner,Cash,delivered,480,0
